,Name,Path,Size,Size_H,Rucio_Checksum,Destination_Checksum,Seal_Checksum
0,/rucio/mc16_13TeV/AOD.14795494._002873.pool.root.1,0,0B,a4a19f50,b73b0c87,
1,/rucio/mc16_13TeV/AOD.14795494._002826.pool.root.1,0,0B,2c97bdfc,931d9139,
2,/rucio/mc16_13TeV/AOD.14795494._002817.pool.root.1,0,0B,5789fb9d,93be999d,
3,/rucio/mc16_13TeV/AOD.14795494._002824.pool.root.1,0,0B,7f84beae,f20f6833,
4,/rucio/mc16_13TeV/AOD.14795494._002802.pool.root.1,0,0B,ce6308d3,c98c2f4c,
5,/rucio/mc16_13TeV/AOD.14795494._002876.pool.root.1,0,0B,b68c398d,b7b83977,
6,/rucio/mc16_13TeV/AOD.14795494._002402.pool.root.1,0,0B,b1286601,940de7dc,
7,/rucio/mc16_13TeV/AOD.14795494._002845.pool.root.1,0,0B,49cb71d2,e1d77dca,
8,/rucio/mc16_13TeV/AOD.14795494._002720.pool.root.1,0,0B,22d3db64,8e89f7e5,
9,/rucio/mc16_13TeV/AOD.14795494._002683.pool.root.1,0,0B,dd28d068,8f620589,
10,/rucio/mc16_13TeV/AOD.14795494._002359.pool.root.1,0,0B,817fcb84,38f70b04,
11,/rucio/mc16_13TeV/AOD.14795494._002691.pool.root.1,0,0B,f635398b,efc0f089,
12,/rucio/mc16_13TeV/AOD.14795494._002865.pool.root.1,0,0B,8892f7a0,e3f96c4c,
13,/rucio/mc16_13TeV/AOD.14795494._002418.pool.root.1,0,0B,9c438b69,94fa4ca5,
14,/rucio/mc16_13TeV/AOD.14795494._002713.pool.root.1,0,0B,4934b499,99123234,
15,/rucio/mc16_13TeV/AOD.14795494._002821.pool.root.1,0,0B,b267613b,a6254321,
16,/rucio/mc16_13TeV/AOD.14795494._002843.pool.root.1,0,0B,2d7ad2ad,01663a84,
17,/rucio/mc16_13TeV/AOD.14795494._002859.pool.root.1,0,0B,d982d8c1,32034438,
18,/rucio/mc16_13TeV/AOD.14795494._002706.pool.root.1,0,0B,49f53dfa,ecf52ef9,
19,/rucio/mc16_13TeV/AOD.14795494._002379.pool.root.1,0,0B,23efb513,5df56f4a,
20,/rucio/mc16_13TeV/AOD.14795494._002704.pool.root.1,0,0B,433afb24,4a3ed50f,
21,/rucio/mc16_13TeV/AOD.14795494._002703.pool.root.1,0,0B,3688cb10,d014e4c2,
22,/rucio/mc16_13TeV/AOD.14795494._002872.pool.root.1,0,0B,fb8c46ac,c21609af,
23,/rucio/mc16_13TeV/AOD.14795494._002822.pool.root.1,0,0B,f1f5a5bc,5b699b9e,
24,/rucio/mc16_13TeV/AOD.14795494._002858.pool.root.1,0,0B,353bd905,f50b4955,
25,/rucio/mc16_13TeV/AOD.14795494._002697.pool.root.1,0,0B,db52c6e3,032c57b5,
26,/rucio/mc16_13TeV/AOD.14795494._002452.pool.root.1,0,0B,1ed464da,94a57e2b,
27,/rucio/mc16_13TeV/AOD.14795494._002412.pool.root.1,0,0B,ebdf9e24,bd436ece,
28,/rucio/mc16_13TeV/AOD.14795494._002455.pool.root.1,0,0B,0583c56d,c2de3890,
29,/rucio/mc16_13TeV/AOD.14795494._002717.pool.root.1,0,0B,d687f129,08b1a1d4,
30,/rucio/mc16_13TeV/AOD.14795494._002809.pool.root.1,0,0B,79666d44,12fcbe4f,
31,/rucio/mc16_13TeV/AOD.14795494._002864.pool.root.1,0,0B,03f5a921,bd1fcd88,
32,/rucio/mc16_13TeV/AOD.14795494._002687.pool.root.1,0,0B,5a90ee77,c82074d7,
33,/rucio/mc16_13TeV/AOD.14795494._002805.pool.root.1,0,0B,da564f58,b8524f62,
34,/rucio/mc16_13TeV/AOD.14795494._002436.pool.root.1,0,0B,9e1409ad,87052f08,
35,/rucio/mc16_13TeV/AOD.14795494._001889.pool.root.1,0,0B,d4d47878,428c0204,
36,/rucio/mc16_13TeV/AOD.14795494._002694.pool.root.1,0,0B,61144b73,a791bebb,
37,/rucio/mc16_13TeV/AOD.14795494._002699.pool.root.1,0,0B,27e73d31,c9e1a0e8,
38,/rucio/mc16_13TeV/AOD.14795494._002862.pool.root.1,0,0B,36a3d8eb,3c085943,
39,/rucio/mc16_13TeV/AOD.14795494._001963.pool.root.1,0,0B,ab720a4b,15721706,
40,/rucio/mc16_13TeV/AOD.14795494._002799.pool.root.1,0,0B,2e32957d,fc837b04,
41,/rucio/mc16_13TeV/AOD.14795494._002295.pool.root.1,0,0B,c683c7f7,0e31e737,
42,/rucio/mc16_13TeV/AOD.14795494._002825.pool.root.1,0,0B,d47d64ca,fd4ad911,
43,/rucio/mc16_13TeV/AOD.14795494._002832.pool.root.1,0,0B,c170aaba,8e9a7d40,
44,/rucio/mc16_13TeV/AOD.14795494._002300.pool.root.1,0,0B,be8e5511,5752ec62,
45,/rucio/mc16_13TeV/AOD.14795494._002849.pool.root.1,0,0B,81509482,543a8530,
46,/rucio/mc16_13TeV/AOD.14795494._002680.pool.root.1,0,0B,d878819e,362170e0,
47,/rucio/mc16_13TeV/AOD.14795494._002695.pool.root.1,0,0B,f434c89c,767558fd,
48,/rucio/mc16_13TeV/AOD.14795494._002440.pool.root.1,0,0B,0d19f187,9c2d251d,
49,/rucio/mc16_13TeV/AOD.14795494._002846.pool.root.1,0,0B,6e1b4553,34c3b375,
50,/rucio/mc16_13TeV/AOD.14795494._002853.pool.root.1,0,0B,05dc2628,e89ecb59,
51,/rucio/mc16_13TeV/AOD.14795494._002857.pool.root.1,0,0B,cc11a21c,f8b11c90,
52,/rucio/mc16_13TeV/AOD.14795494._002833.pool.root.1,0,0B,f644f309,c224b6b0,
53,/rucio/mc16_13TeV/AOD.14795494._002794.pool.root.1,0,0B,9a34204b,4fc778d2,
54,/rucio/mc16_13TeV/AOD.14795494._002441.pool.root.1,0,0B,5b9b04d2,9ec6b844,
55,/rucio/mc16_13TeV/AOD.14795494._002804.pool.root.1,0,0B,78c30f84,23fe6be5,
56,/rucio/mc16_13TeV/AOD.14795494._002391.pool.root.1,0,0B,bee40fac,6e7d7b5f,
57,/rucio/mc16_13TeV/AOD.14795494._004090.pool.root.1,0,0B,067b5066,c19b65ff,
58,/rucio/mc16_13TeV/AOD.14795494._002346.pool.root.1,0,0B,f106e8a3,cd9fcede,
59,/rucio/mc16_13TeV/AOD.14795494._002334.pool.root.1,0,0B,7e441acd,ed367e54,
60,/rucio/mc16_13TeV/AOD.14795494._003105.pool.root.1,0,0B,0291e56b,17024c17,
61,/rucio/mc16_13TeV/AOD.14795494._001978.pool.root.1,0,0B,50e7303d,944928ac,
62,/rucio/mc16_13TeV/AOD.14795494._001845.pool.root.1,0,0B,2983a3f3,43b25790,
63,/rucio/mc16_13TeV/AOD.14795494._001870.pool.root.1,0,0B,1a15e518,55af7a2e,
64,/rucio/mc16_13TeV/AOD.14795494._001865.pool.root.1,0,0B,d9c5b981,b3636c0d,
65,/rucio/mc16_13TeV/AOD.14795494._001834.pool.root.1,0,0B,cb97654d,6b7b5204,
66,/rucio/mc16_13TeV/AOD.14795494._002311.pool.root.1,0,0B,ead73743,277f76f4,
67,/rucio/mc16_13TeV/AOD.14795494._001871.pool.root.1,0,0B,aec503f6,019a2f75,
68,/rucio/mc16_13TeV/AOD.14795494._001964.pool.root.1,0,0B,101d8929,6ef760de,
69,/rucio/mc16_13TeV/AOD.14795494._002935.pool.root.1,0,0B,f6a2af4d,dd6fa79e,
70,/rucio/mc16_13TeV/AOD.14795494._002411.pool.root.1,0,0B,a63b58bc,45675082,
71,/rucio/mc16_13TeV/AOD.14795494._002939.pool.root.1,0,0B,2ecd473c,aed38f9e,
72,/rucio/mc16_13TeV/AOD.14795494._005525.pool.root.1,0,0B,78656989,1a4fa67b,
73,/rucio/mc16_13TeV/AOD.14795494._002936.pool.root.1,0,0B,40cce594,6891d01a,
74,/rucio/mc16_13TeV/AOD.14795494._002889.pool.root.1,0,0B,41f18f91,b5a00fa9,
75,/rucio/mc16_13TeV/AOD.14795494._005436.pool.root.1,0,0B,c9adb797,ae906e84,
76,/rucio/mc16_13TeV/AOD.14795494._005169.pool.root.1,0,0B,922719eb,d3899eb4,
77,/rucio/mc16_13TeV/AOD.14795494._001916.pool.root.1,0,0B,9eb2f584,9f60ee30,
78,/rucio/mc16_13TeV/AOD.14795494._005460.pool.root.1,0,0B,3a5fccb9,9983e7ce,
79,/rucio/mc16_13TeV/AOD.14795494._007227.pool.root.1,0,0B,bd9f3e02,bdc152b8,
80,/rucio/mc16_13TeV/AOD.14795494._001602.pool.root.1,0,0B,d9430f3f,877cfc7d,
81,/rucio/mc16_13TeV/AOD.14795494._001824.pool.root.1,0,0B,36de57f4,8af12bb6,
82,/rucio/mc16_13TeV/AOD.14795494._004094.pool.root.1,0,0B,eecea06f,7e6cbdf0,
83,/rucio/mc16_13TeV/AOD.14795494._001922.pool.root.1,0,0B,c92742e0,0147b37b,
84,/rucio/mc16_13TeV/AOD.14795494._002307.pool.root.1,0,0B,4781defe,ff902c07,
85,/rucio/mc16_13TeV/AOD.14795494._001966.pool.root.1,0,0B,c15e04de,430563fd,
86,/rucio/mc16_13TeV/AOD.14795494._001806.pool.root.1,0,0B,d6489d0d,31969e54,
87,/rucio/mc16_13TeV/AOD.14795494._002282.pool.root.1,0,0B,b749339b,ecfbb58b,
88,/rucio/mc16_13TeV/AOD.14795494._001935.pool.root.1,0,0B,e83328e4,d8b978be,
89,/rucio/data16_13TeV/DAOD_RPVLL.22357619._000048.pool.root.1,9866740113,9.867GB,40599c17,f76277dc,40599c17
90,/rucio/data16_13TeV/DAOD_RPVLL.22357753._000212.pool.root.1,9572344002,9.572GB,d9acf49f,21d1c5f5,d9acf49f
91,/rucio/data16_13TeV/DAOD_RPVLL.22358050._000082.pool.root.1,7265073567,7.265GB,cf797ca6,665e8955,cf797ca6
92,/rucio/data16_13TeV/DAOD_RPVLL.22358320._000290.pool.root.1,10203855565,10.2GB,1987bd05,b8849b08,1987bd05
93,/rucio/data16_13TeV/DAOD_RPVLL.22358132._000111.pool.root.1,9007510832,9.008GB,8d08f95c,e50f0a38,8d08f95c
94,/rucio/data16_13TeV/DAOD_RPVLL.22357516._000072.pool.root.1,9341805973,9.342GB,092386af,eed1c33e,092386af
95,/rucio/data16_13TeV/DAOD_RPVLL.22357954._000159.pool.root.1,9132006502,9.132GB,26f99f95,175071a4,26f99f95
96,/rucio/data16_13TeV/DAOD_RPVLL.22358007._000103.pool.root.1,7380321737,7.38GB,0e42ac17,f492dc70,0e42ac17
97,/rucio/data16_13TeV/DAOD_RPVLL.22357553._000014.pool.root.1,7376120932,7.376GB,15218766,92c9a1c5,15218766
98,/rucio/data16_13TeV/DAOD_RPVLL.22357975._000113.pool.root.1,9937075084,9.937GB,b1dace18,0cfea7c6,b1dace18
99,/rucio/data16_13TeV/DAOD_RPVLL.22357753._000277.pool.root.1,8922401930,8.922GB,ee8ac72a,e1a40f7b,ee8ac72a
100,/rucio/data16_13TeV/DAOD_RPVLL.22358296._000112.pool.root.1,7320889685,7.321GB,ea1eadce,c2ca7489,ea1eadce
101,/rucio/data16_13TeV/DAOD_RPVLL.22357823._000108.pool.root.1,8341545874,8.342GB,46715ae6,365bce90,46715ae6
102,/rucio/data16_13TeV/DAOD_RPVLL.22357915._000001.pool.root.1,9218904873,9.219GB,b6c8d0cd,c50caaa7,b6c8d0cd
103,/rucio/data16_13TeV/DAOD_RPVLL.22358286._000176.pool.root.1,9475633488,9.476GB,2cc8545a,8fc4f508,2cc8545a
104,/rucio/data16_13TeV/DAOD_RPVLL.22358007._000035.pool.root.1,9381269327,9.381GB,57125fbe,c7aa22b8,57125fbe
105,/rucio/data16_13TeV/DAOD_RPVLL.22357954._000186.pool.root.1,8378963728,8.379GB,36bec15f,6240e8eb,36bec15f
106,/rucio/data16_13TeV/DAOD_RPVLL.22357753._000011.pool.root.1,7680464484,7.68GB,fa1b5f0b,5218ccb4,fa1b5f0b
107,/rucio/data16_13TeV/DAOD_RPVLL.22357932._000036.pool.root.1,7403614574,7.404GB,5aff1020,dbdd85a5,5aff1020
108,/rucio/data16_13TeV/DAOD_RPVLL.22357495._000123.pool.root.1,8274269906,8.274GB,bd7bdb5b,61762623,bd7bdb5b
109,/rucio/data16_13TeV/DAOD_RPVLL.22358007._000094.pool.root.1,8374434714,8.374GB,469c876b,b962c069,469c876b
110,/rucio/data16_13TeV/DAOD_RPVLL.22358007._000018.pool.root.1,7781326774,7.781GB,eed155f8,0a313573,eed155f8
111,/rucio/data16_13TeV/DAOD_RPVLL.22358296._000131.pool.root.1,9887783815,9.888GB,eb95d1ea,dfa534cd,eb95d1ea
112,/rucio/data16_13TeV/DAOD_RPVLL.22357893._000010.pool.root.1,11023421980,11.02GB,2f9b5fde,13aef97d,2f9b5fde
113,/rucio/data16_13TeV/DAOD_RPVLL.22357873._000015.pool.root.1,6919640169,6.92GB,2dc359b9,a01261e5,2dc359b9
114,/rucio/data16_13TeV/DAOD_RPVLL.22357404._000017.pool.root.1,9575756943,9.576GB,817949f8,1d4b0bc4,817949f8
115,/rucio/data16_13TeV/DAOD_RPVLL.22357537._000078.pool.root.1,9344861484,9.345GB,c2236ccb,fcd821a8,c2236ccb
116,/rucio/data16_13TeV/DAOD_RPVLL.22357954._000105.pool.root.1,10375723983,10.38GB,ae8209de,ab994cbf,ae8209de
117,/rucio/data16_hip8TeV/AOD.18219773._002435.pool.root.1,10567194909,10.57GB,23fc01b5,ca5dcb75,23fc01b5
118,/rucio/data16_13TeV/DAOD_RPVLL.22357823._000166.pool.root.1,8782711197,8.783GB,e2667fa7,ce3cea1f,e2667fa7
119,/rucio/data16_13TeV/DAOD_RPVLL.22358050._000322.pool.root.1,9463981489,9.464GB,32d01e86,835a6328,32d01e86
120,/rucio/data16_13TeV/DAOD_RPVLL.22358348._000052.pool.root.1,0,0B,c1b94032,4fb1b3f4,
121,/rucio/data16_13TeV/DAOD_RPVLL.22357987._000227.pool.root.1,9132780253,9.133GB,d6eb0169,df2a9991,d6eb0169
122,/rucio/data16_13TeV/DAOD_RPVLL.22358007._000084.pool.root.1,9669729407,9.67GB,b23f2951,c15ea311,b23f2951
123,/rucio/data16_13TeV/DAOD_RPVLL.22357954._000006.pool.root.1,11573781138,11.57GB,10f806bb,d2260863,10f806bb
124,/rucio/data16_13TeV/DAOD_RPVLL.22357270._000011.pool.root.1,8261587499,8.262GB,f9cd989d,276d7350,f9cd989d
125,/rucio/data16_13TeV/DAOD_RPVLL.22357798._000095.pool.root.1,9885984393,9.886GB,749cb72d,97fc3c7a,749cb72d
126,/rucio/data16_13TeV/DAOD_RPVLL.22357803._000153.pool.root.1,10310569311,10.31GB,b75af34e,988c8669,b75af34e
127,/rucio/data16_13TeV/DAOD_RPVLL.22357954._000011.pool.root.1,7398687121,7.399GB,3b4e50cc,a18fcaec,3b4e50cc
128,/rucio/data16_13TeV/DAOD_RPVLL.22358309._000142.pool.root.1,9272109599,9.272GB,3203b765,3fb4ea02,3203b765
129,/rucio/data16_13TeV/DAOD_RPVLL.22357964._000054.pool.root.1,9912342736,9.912GB,625b334a,e508d2d9,625b334a
130,/rucio/data16_13TeV/DAOD_RPVLL.22357652._000043.pool.root.1,10072377323,10.07GB,704ac8d8,4c40aaa6,704ac8d8
131,/rucio/data16_13TeV/DAOD_RPVLL.22357658._000160.pool.root.1,9240094511,9.24GB,a0c26e43,673e4163,a0c26e43
132,/rucio/data16_hip8TeV/AOD.18205937._000531.pool.root.1,250659739,250.7MB,52f2ab39,6fd2bd73,52f2ab39
133,/rucio/data16_13TeV/DAOD_RPVLL.22357619._000202.pool.root.1,8200546723,8.201GB,f9d21925,04c3f7cc,f9d21925
134,/rucio/data16_13TeV/DAOD_RPVLL.22357619._000008.pool.root.1,10521246679,10.52GB,c3f131e5,81fe1e89,c3f131e5
135,/rucio/data16_13TeV/DAOD_RPVLL.22358160._000288.pool.root.1,8174944920,8.175GB,7b884127,f42d2a2f,7b884127
136,/rucio/data16_13TeV/DAOD_RPVLL.22357975._000233.pool.root.1,8221755100,8.222GB,b2aa2ef7,295911e6,b2aa2ef7
137,/rucio/data16_13TeV/DAOD_RPVLL.22357847._000167.pool.root.1,10123861894,10.12GB,4247bf1e,6c351ee8,4247bf1e
138,/rucio/data16_13TeV/DAOD_RPVLL.22357345._000005.pool.root.1,10961273814,10.96GB,a6506cd0,57a5a298,a6506cd0
139,/rucio/data16_13TeV/DAOD_RPVLL.22357954._000128.pool.root.1,9755153605,9.755GB,94b0cf5e,115d6257,94b0cf5e
140,/rucio/data16_13TeV/DAOD_RPVLL.22358286._000046.pool.root.1,7723967119,7.724GB,2ba11098,5ee6c587,2ba11098
141,/rucio/data16_13TeV/DAOD_RPVLL.22358176._000106.pool.root.1,7250835150,7.251GB,10e2db60,1cf66a64,10e2db60
142,/rucio/data16_13TeV/DAOD_RPVLL.22357753._000307.pool.root.1,9102874468,9.103GB,71992e83,8876f1f6,71992e83
143,/rucio/data16_hip8TeV/AOD.18205937._001145.pool.root.1,9487720545,9.488GB,0ebb9420,5a1809cc,0ebb9420
144,/rucio/data16_13TeV/DAOD_RPVLL.22358007._000088.pool.root.1,9313330355,9.313GB,1ca22d3f,ccdbda44,1ca22d3f
145,/rucio/data16_13TeV/DAOD_RPVLL.22357858._000102.pool.root.1,9877834526,9.878GB,34427300,a84e1a92,34427300
146,/rucio/data16_13TeV/DAOD_RPVLL.22358335._000014.pool.root.1,8300667592,8.301GB,51893505,31b3f338,51893505
147,/rucio/data16_13TeV/DAOD_RPVLL.22357954._000432.pool.root.1,4004502735,4.005GB,4760707f,68dc4d23,4760707f
148,/rucio/data16_13TeV/DAOD_RPVLL.22357847._000045.pool.root.1,7243579421,7.244GB,6c0da948,f8466b01,6c0da948
149,/rucio/data16_13TeV/DAOD_RPVLL.22358007._000002.pool.root.1,10791800485,10.79GB,e821bd40,ce827ffc,e821bd40
150,/rucio/data16_hip8TeV/AOD.18205937._001038.pool.root.1,9709439525,9.709GB,702d19f6,35392ce5,702d19f6
151,/rucio/data16_13TeV/DAOD_RPVLL.22358019._000204.pool.root.1,9628055485,9.628GB,5353fd2e,cf37edcb,5353fd2e
152,/rucio/data16_13TeV/DAOD_RPVLL.22357823._000172.pool.root.1,8743913673,8.744GB,d601aceb,07c065d5,d601aceb
153,/rucio/data16_hip8TeV/AOD.18219773._002656.pool.root.1,10573892448,10.57GB,c2b125b7,da90dedf,c2b125b7
154,/rucio/data16_13TeV/DAOD_RPVLL.22357733._000149.pool.root.1,9656547265,9.657GB,3bba729d,3d24387c,3bba729d
155,/rucio/data16_13TeV/DAOD_RPVLL.22357922._000115.pool.root.1,9295925803,9.296GB,4dea3ea6,a79e94de,4dea3ea6
156,/rucio/data16_13TeV/DAOD_RPVLL.22357318._000031.pool.root.1,9418968998,9.419GB,07e38f73,4b0c7dc1,07e38f73
157,/rucio/data16_13TeV/DAOD_RPVLL.22358286._000012.pool.root.1,8258866976,8.259GB,9ce880ae,c1c520ea,9ce880ae
158,/rucio/data16_13TeV/DAOD_RPVLL.22358286._000033.pool.root.1,7962232028,7.962GB,7c91a0ad,b3466ea4,7c91a0ad
159,/rucio/data16_13TeV/DAOD_RPVLL.22358309._000068.pool.root.1,7001485161,7.001GB,536cb219,0790a0eb,536cb219
160,/rucio/data16_13TeV/DAOD_RPVLL.22357431._000068.pool.root.1,9795551851,9.796GB,79d41d8f,56fa6649,79d41d8f
161,/rucio/data16_13TeV/DAOD_RPVLL.22357641._000053.pool.root.1,9855002949,9.855GB,7995788f,1841afc1,7995788f
162,/rucio/data16_13TeV/DAOD_RPVLL.22358320._000011.pool.root.1,8222865088,8.223GB,af1ff243,4209f928,af1ff243
163,/rucio/data16_13TeV/DAOD_RPVLL.22357679._000008.pool.root.1,10591591476,10.59GB,d1ca0d78,0a315abe,d1ca0d78
164,/rucio/data16_13TeV/DAOD_RPVLL.22358335._000214.pool.root.1,8725303128,8.725GB,7a96667a,ade0eef8,7a96667a
165,/rucio/data16_13TeV/DAOD_RPVLL.22357975._000221.pool.root.1,10027031312,10.03GB,ed158436,c53d19f4,ed158436
166,/rucio/data16_hip8TeV/AOD.18205937._001063.pool.root.1,9777386601,9.777GB,ae065bb9,b3c896ef,ae065bb9
167,/rucio/data16_13TeV/DAOD_RPVLL.22358007._000021.pool.root.1,7574030426,7.574GB,e7ff9448,0a07bb84,e7ff9448
168,/rucio/data16_13TeV/DAOD_RPVLL.22357619._000281.pool.root.1,8966377915,8.966GB,c6a71271,d61b435d,c6a71271
169,/rucio/data16_13TeV/DAOD_RPVLL.22357954._000135.pool.root.1,9796639871,9.797GB,5390dad7,b85eee5d,5390dad7
170,/rucio/data16_hip8TeV/AOD.18205937._001092.pool.root.1,9451865769,9.452GB,5e604eb9,a6c1605f,5e604eb9
171,/rucio/data16_hip8TeV/AOD.18219773._002296.pool.root.1,7261550385,7.262GB,bc395c27,7e827973,bc395c27
172,/rucio/data16_hip8TeV/AOD.18205937._000094.pool.root.1,8577630332,8.578GB,506dee2d,43369639,506dee2d
173,/rucio/data16_13TeV/DAOD_RPVLL.22357490._000080.pool.root.1,8658243143,8.658GB,0c7ffb1f,df41659f,0c7ffb1f
174,/rucio/data16_13TeV/DAOD_RPVLL.22357954._000023.pool.root.1,7830698781,7.831GB,a65f80c3,8646e5b4,a65f80c3
175,/rucio/data16_hip8TeV/AOD.18205937._000525.pool.root.1,8128280079,8.128GB,4c55eea3,a122df9f,4c55eea3
176,/rucio/data16_13TeV/DAOD_RPVLL.22358007._000083.pool.root.1,8702584183,8.703GB,f3219bee,d1eba751,f3219bee
177,/rucio/data16_13TeV/DAOD_RPVLL.22357823._000151.pool.root.1,10091931548,10.09GB,173ae43c,b81369c6,173ae43c
178,/rucio/data16_13TeV/DAOD_RPVLL.22357490._000176.pool.root.1,9021675466,9.022GB,e8da1e49,3f90fe8a,e8da1e49
179,/rucio/data16_13TeV/DAOD_RPVLL.22357753._000039.pool.root.1,7743251612,7.743GB,bcb47547,810721e3,bcb47547
180,/rucio/data16_13TeV/DAOD_RPVLL.22357954._000075.pool.root.1,7420207602,7.42GB,d306cb2b,9336cf1d,d306cb2b
181,/rucio/data16_13TeV/DAOD_RPVLL.22358238._000158.pool.root.1,8568239118,8.568GB,a5a5114c,6a0756bd,a5a5114c
182,/rucio/data16_13TeV/DAOD_RPVLL.22357695._000166.pool.root.1,9574046523,9.574GB,1d3c1c33,1075f6c7,1d3c1c33
183,/rucio/data16_hip8TeV/AOD.18205937._000881.pool.root.1,10201835047,10.2GB,88d59976,10ffd35f,88d59976
184,/rucio/data16_13TeV/DAOD_RPVLL.22357954._000171.pool.root.1,8890037011,8.89GB,abb6b18c,bf0cff72,abb6b18c
185,/rucio/data16_hip8TeV/AOD.18205937._000205.pool.root.1,5588048183,5.588GB,023cc319,c584f5b8,023cc319
186,/rucio/data16_13TeV/DAOD_RPVLL.22358176._000420.pool.root.1,9312415233,9.312GB,76ba27e0,acfe0e64,76ba27e0
187,/rucio/data16_13TeV/DAOD_RPVLL.22357679._000004.pool.root.1,9953669858,9.954GB,9a617459,57692984,9a617459
188,/rucio/data16_13TeV/DAOD_RPVLL.22357823._000021.pool.root.1,7062242699,7.062GB,95148c00,e179f10d,95148c00
189,/rucio/data16_13TeV/DAOD_RPVLL.22357679._000033.pool.root.1,10271309985,10.27GB,87888dfd,292305e7,87888dfd
190,/rucio/data16_13TeV/DAOD_RPVLL.22358206._000066.pool.root.1,8166788032,8.167GB,9f356921,d439f956,9f356921
191,/rucio/data16_13TeV/DAOD_RPVLL.22357521._000113.pool.root.1,8576313363,8.576GB,d6f3d138,0f3ed587,d6f3d138
192,/rucio/data16_13TeV/DAOD_RPVLL.22357964._000077.pool.root.1,8598550087,8.599GB,43f3937e,4ff137c3,43f3937e
193,/rucio/data16_13TeV/DAOD_RPVLL.22358248._000076.pool.root.1,8374501327,8.375GB,67085843,5f406e5f,67085843
194,/rucio/data16_13TeV/DAOD_RPVLL.22358228._000061.pool.root.1,7587061521,7.587GB,580aa249,039b6747,580aa249
195,/rucio/data16_13TeV/DAOD_RPVLL.22357975._000002.pool.root.1,9955217454,9.955GB,19441cd5,54dee433,19441cd5
196,/rucio/data16_13TeV/DAOD_RPVLL.22357404._000049.pool.root.1,9065789394,9.066GB,cc888bd9,8da99e6a,cc888bd9
197,/rucio/data16_13TeV/DAOD_RPVLL.22357543._000104.pool.root.1,9198208603,9.198GB,d4e56a08,b05be163,d4e56a08
198,/rucio/data16_hip8TeV/AOD.18205937._000249.pool.root.1,8196416736,8.196GB,1b0e060b,9a5af974,1b0e060b
199,/rucio/data16_13TeV/DAOD_RPVLL.22357998._000138.pool.root.1,7031841026,7.032GB,a3ce4cd7,59db99c7,a3ce4cd7
200,/rucio/data16_13TeV/DAOD_RPVLL.22358206._000343.pool.root.1,8932044799,8.932GB,4885d25b,4a5c7574,4885d25b
201,/rucio/data16_13TeV/DAOD_RPVLL.22357847._000041.pool.root.1,7142819703,7.143GB,18065cb3,852d205c,18065cb3
202,/rucio/data16_13TeV/DAOD_RPVLL.22357695._000135.pool.root.1,9004259573,9.004GB,7f23543f,f06cc617,7f23543f
203,/rucio/data16_13TeV/DAOD_RPVLL.22357669._000308.pool.root.1,10009258416,10.01GB,f22f1090,899bdf54,f22f1090
204,/rucio/data16_13TeV/DAOD_RPVLL.22358309._000044.pool.root.1,7589904575,7.59GB,fefbfdc4,caafe1e2,fefbfdc4
205,/rucio/data16_13TeV/DAOD_RPVLL.22357261._000018.pool.root.1,7627864163,7.628GB,72a6fa65,d66273e4,72a6fa65
206,/rucio/data16_hip8TeV/AOD.18219773._002779.pool.root.1,9865406130,9.865GB,b2cf6866,ea8ee2b2,b2cf6866
207,/rucio/data16_13TeV/DAOD_RPVLL.22357695._000034.pool.root.1,7128752550,7.129GB,c0d178dd,58d12f3e,c0d178dd
208,/rucio/data16_13TeV/DAOD_RPVLL.22357695._000098.pool.root.1,9747132778,9.747GB,b7345ed0,a1dad184,b7345ed0
209,/rucio/data16_13TeV/DAOD_RPVLL.22358320._000280.pool.root.1,7000167466,7GB,eb25a4e0,d9e4e8b1,eb25a4e0
210,/rucio/data16_13TeV/DAOD_RPVLL.22357490._000141.pool.root.1,10015676093,10.02GB,22324cd3,e6e3fa86,22324cd3
211,/rucio/data16_13TeV/DAOD_RPVLL.22358007._000025.pool.root.1,7436602822,7.437GB,026602c1,5b300ba8,026602c1
212,/rucio/data16_13TeV/DAOD_RPVLL.22358335._000044.pool.root.1,7937175997,7.937GB,6b3f0ada,4e6f1015,6b3f0ada
213,/rucio/data16_hip8TeV/AOD.18205937._001113.pool.root.1,9542084926,9.542GB,1e8a22a3,09954288,1e8a22a3
214,/rucio/data16_13TeV/DAOD_RPVLL.22357803._000043.pool.root.1,10380526180,10.38GB,dbd9e836,1bdd729b,dbd9e836
215,/rucio/data16_13TeV/DAOD_RPVLL.22357910._000080.pool.root.1,7308228187,7.308GB,22ee6070,1e8eae19,22ee6070
216,/rucio/data16_13TeV/DAOD_RPVLL.22357954._000124.pool.root.1,10172283329,10.17GB,0673c8e0,36860a4b,0673c8e0
217,/rucio/data16_hip8TeV/AOD.18205937._000009.pool.root.1,7894989365,7.895GB,47f160d7,e84942f1,47f160d7
218,/rucio/data16_hip8TeV/AOD.18205937._001013.pool.root.1,9692903784,9.693GB,23754150,ceab37cc,23754150
219,/rucio/data16_13TeV/DAOD_RPVLL.22357888._000181.pool.root.1,8293324032,8.293GB,957e6ee8,1917879b,957e6ee8
220,/rucio/data16_13TeV/DAOD_RPVLL.22358093._000013.pool.root.1,8472399320,8.472GB,a8711823,e5371a0b,a8711823
221,/rucio/data16_13TeV/DAOD_RPVLL.22357669._000084.pool.root.1,8406800375,8.407GB,070ce873,edb61c71,070ce873
222,/rucio/data16_13TeV/DAOD_RPVLL.22357684._000020.pool.root.1,9005516479,9.006GB,e3e59342,3326af43,e3e59342
223,/rucio/data16_13TeV/DAOD_RPVLL.22357373._000029.pool.root.1,8375306358,8.375GB,63ac81d6,15f65914,63ac81d6
224,/rucio/data16_13TeV/DAOD_RPVLL.22357490._000213.pool.root.1,10390149365,10.39GB,937d463f,ab85dce9,937d463f
225,/rucio/data16_13TeV/DAOD_RPVLL.22357888._000101.pool.root.1,9770693701,9.771GB,c53dcdfe,fb182dc6,c53dcdfe
226,/rucio/data16_hip8TeV/AOD.18219773._001241.pool.root.1,8608867609,8.609GB,fdbe3b66,defd02d9,fdbe3b66
227,/rucio/data16_13TeV/DAOD_RPVLL.22357619._000085.pool.root.1,9959696023,9.96GB,72cffe4a,2ccc9f90,72cffe4a
228,/rucio/data16_13TeV/DAOD_RPVLL.22357404._000054.pool.root.1,8936253264,8.936GB,06483210,27785412,06483210
229,/rucio/data16_13TeV/DAOD_RPVLL.22357798._000078.pool.root.1,10199830471,10.2GB,b27be8dd,d7f47496,b27be8dd
230,/rucio/data16_13TeV/DAOD_RPVLL.22357700._000007.pool.root.1,11269643839,11.27GB,044a3c23,95272e61,044a3c23
231,/rucio/data16_13TeV/DAOD_RPVLL.22357915._000032.pool.root.1,7201144996,7.201GB,539dc00d,58b074b8,539dc00d
232,/rucio/data16_13TeV/DAOD_RPVLL.22357738._000046.pool.root.1,7982964390,7.983GB,6705a3b1,aadb3e9a,6705a3b1
233,/rucio/data16_13TeV/DAOD_RPVLL.22358296._000152.pool.root.1,9212300979,9.212GB,6b281849,428490a5,6b281849
234,/rucio/data16_13TeV/DAOD_RPVLL.22357318._000007.pool.root.1,10776720148,10.78GB,c5c58cdb,0655a6ce,c5c58cdb
235,/rucio/data16_13TeV/DAOD_RPVLL.22357533._000093.pool.root.1,9676864817,9.677GB,010abb22,1ffd5845,010abb22
236,/rucio/data16_13TeV/DAOD_RPVLL.22357753._000103.pool.root.1,7252371971,7.252GB,d7b77b98,145844ea,d7b77b98
237,/rucio/data16_13TeV/DAOD_RPVLL.21711783._000450.pool.root.1,8343238571,8.343GB,a543bd2a,629f1d58,a543bd2a
238,/rucio/data16_13TeV/DAOD_RPVLL.22358309._000189.pool.root.1,9296525663,9.297GB,fc7a2ecd,b176915f,fc7a2ecd
239,/rucio/data16_13TeV/DAOD_RPVLL.22358261._000008.pool.root.1,11915316642,11.92GB,11e1dad5,976b9110,11e1dad5
240,/rucio/data16_13TeV/DAOD_RPVLL.22357543._000030.pool.root.1,9627365521,9.627GB,aae8f1fa,3fc64357,aae8f1fa
241,/rucio/data16_13TeV/DAOD_RPVLL.22357823._000051.pool.root.1,9647598108,9.648GB,b45f4974,2e2fe2bc,b45f4974
242,/rucio/data16_13TeV/DAOD_RPVLL.22357383._000009.pool.root.1,9725276972,9.725GB,d0162aa7,04074c8c,d0162aa7
243,/rucio/data16_13TeV/DAOD_RPVLL.22357847._000095.pool.root.1,9332825004,9.333GB,30211507,0c54d640,30211507
244,/rucio/data16_13TeV/DAOD_RPVLL.22357910._000195.pool.root.1,8295613938,8.296GB,558afd8c,92489050,558afd8c
245,/rucio/data16_13TeV/DAOD_RPVLL.22358238._000202.pool.root.1,9126872629,9.127GB,00550f4a,05753389,00550f4a
246,/rucio/data16_13TeV/DAOD_RPVLL.22357888._000233.pool.root.1,9182094708,9.182GB,1689fbd8,31997d4f,1689fbd8
247,/rucio/data16_13TeV/DAOD_RPVLL.22358286._000080.pool.root.1,7690909294,7.691GB,49b4d394,67ab0c06,49b4d394
248,/rucio/data16_13TeV/DAOD_RPVLL.22357412._000019.pool.root.1,9470728342,9.471GB,e2b89467,0a4aa80c,e2b89467
249,/rucio/data16_13TeV/DAOD_RPVLL.22357669._000119.pool.root.1,9087052283,9.087GB,b19bebdf,6b6351da,b19bebdf
250,/rucio/data16_13TeV/DAOD_RPVLL.22357495._000189.pool.root.1,7046577613,7.047GB,c798ee9e,dc3d7805,c798ee9e
251,/rucio/data16_13TeV/DAOD_RPVLL.22357658._000154.pool.root.1,9491656455,9.492GB,e1748357,0dd4fb3b,e1748357
252,/rucio/data16_hip8TeV/AOD.18219773._003150.pool.root.1,9792759572,9.793GB,a4272b28,c93b8f94,a4272b28
253,/rucio/data16_13TeV/DAOD_RPVLL.22358238._000025.pool.root.1,8129570888,8.13GB,8a855bbd,97d3c489,8a855bbd
254,/rucio/data16_13TeV/DAOD_RPVLL.22357695._000045.pool.root.1,6955746923,6.956GB,78002eff,defa7f54,78002eff
255,/rucio/data16_hip8TeV/AOD.18205937._000134.pool.root.1,10322136044,10.32GB,30b06231,46bcc184,30b06231
256,/rucio/data16_13TeV/DAOD_RPVLL.22358019._000180.pool.root.1,7829506540,7.83GB,3acfbac7,22e75881,3acfbac7
257,/rucio/data16_13TeV/DAOD_RPVLL.22358019._000076.pool.root.1,9893776329,9.894GB,ead04597,1a807c79,ead04597
258,/rucio/data16_13TeV/DAOD_RPVLL.22357943._000202.pool.root.1,8684192498,8.684GB,51955718,52c06aa7,51955718
259,/rucio/data16_13TeV/DAOD_RPVLL.22357658._000017.pool.root.1,10123585579,10.12GB,53a266ca,b09bb4c6,53a266ca
260,/rucio/data16_hip8TeV/AOD.18205937._000403.pool.root.1,5436402916,5.436GB,a885cad6,d6d8feb2,a885cad6
261,/rucio/data16_13TeV/DAOD_RPVLL.22357803._000094.pool.root.1,9375001629,9.375GB,0c64c1a1,50a1f35b,0c64c1a1
262,/rucio/data16_13TeV/DAOD_RPVLL.22357823._000009.pool.root.1,10411363002,10.41GB,b23831e6,79e9e850,b23831e6
263,/rucio/data16_13TeV/DAOD_RPVLL.22358132._000100.pool.root.1,9498510614,9.499GB,fe6a0f85,06e25a6c,fe6a0f85
264,/rucio/data16_13TeV/DAOD_RPVLL.22357706._000341.pool.root.1,9202718592,9.203GB,03b1348d,8e2fe35e,03b1348d
265,/rucio/data16_hip8TeV/AOD.18205937._000231.pool.root.1,8327558585,8.328GB,fad8306e,db732c73,fad8306e
266,/rucio/data16_13TeV/DAOD_RPVLL.22358160._000082.pool.root.1,8078194831,8.078GB,baab0761,925f9523,baab0761
267,/rucio/data16_13TeV/DAOD_RPVLL.22358160._000033.pool.root.1,7793616901,7.794GB,50bc1736,847f3bd2,50bc1736
268,/rucio/data16_13TeV/DAOD_RPVLL.22357652._000074.pool.root.1,8770731245,8.771GB,29b5c8c0,e3aea6fe,29b5c8c0
269,/rucio/data16_13TeV/DAOD_RPVLL.22357753._000252.pool.root.1,8236678039,8.237GB,0b6e9a72,ae4863c9,0b6e9a72
270,/rucio/data16_13TeV/DAOD_RPVLL.22357533._000075.pool.root.1,9882528410,9.883GB,4aeeac4f,e0474855,4aeeac4f
271,/rucio/data16_13TeV/DAOD_RPVLL.22357553._000257.pool.root.1,9782733297,9.783GB,1ce8d3d9,ff129757,1ce8d3d9
272,/rucio/data16_13TeV/DAOD_RPVLL.22358360._000072.pool.root.1,7525281822,7.525GB,615964d4,72b8559e,615964d4
273,/rucio/data16_13TeV/DAOD_RPVLL.22357753._000266.pool.root.1,7268583306,7.269GB,9fd06c00,9dccf11f,9fd06c00
274,/rucio/data16_13TeV/DAOD_RPVLL.22357404._000078.pool.root.1,8520205451,8.52GB,b518258c,b9efecf5,b518258c
275,/rucio/data16_13TeV/DAOD_RPVLL.22357505._000066.pool.root.1,9794526134,9.795GB,c001f697,e184918e,c001f697
276,/rucio/data16_13TeV/DAOD_RPVLL.22357495._000122.pool.root.1,8622378684,8.622GB,1634732f,6b9b75f1,1634732f
277,/rucio/data16_13TeV/DAOD_RPVLL.22358360._000274.pool.root.1,10024804578,10.02GB,0b369600,6bf6f100,0b369600
278,/rucio/data16_13TeV/DAOD_RPVLL.22357553._000048.pool.root.1,6774207275,6.774GB,2ab0900c,2a2dfd87,2ab0900c
279,/rucio/data16_13TeV/DAOD_RPVLL.22358190._000115.pool.root.1,7942999482,7.943GB,eaf2d03b,aed771fa,eaf2d03b
280,/rucio/data16_13TeV/DAOD_RPVLL.21711783._000426.pool.root.1,8137593665,8.138GB,88f790b2,e68b726c,88f790b2
281,/rucio/data16_13TeV/DAOD_RPVLL.22358309._000001.pool.root.1,11087536132,11.09GB,3a41e9e9,c10560b6,3a41e9e9
282,/rucio/data16_13TeV/DAOD_RPVLL.22357563._000037.pool.root.1,9707293991,9.707GB,263d4eea,d46d4222,263d4eea
283,/rucio/data16_13TeV/DAOD_RPVLL.22357684._000220.pool.root.1,10323628969,10.32GB,174ea7bc,12823ce0,174ea7bc
284,/rucio/data16_13TeV/DAOD_RPVLL.22358160._000023.pool.root.1,8494959565,8.495GB,e52be8b4,a6130325,e52be8b4
285,/rucio/data16_13TeV/DAOD_RPVLL.22357798._000165.pool.root.1,7974192647,7.974GB,3ccbd0ff,a507e352,3ccbd0ff
286,/rucio/data16_13TeV/DAOD_RPVLL.22357553._000074.pool.root.1,6949377861,6.949GB,1b1cf494,f88ae817,1b1cf494
287,/rucio/data16_13TeV/DAOD_RPVLL.22357553._000311.pool.root.1,8358644100,8.359GB,777fec6f,0d37a7ee,777fec6f
288,/rucio/data16_13TeV/DAOD_RPVLL.22357987._000135.pool.root.1,7754421311,7.754GB,a2bd5011,f57e6469,a2bd5011
289,/rucio/data16_13TeV/DAOD_RPVLL.22357647._000314.pool.root.1,9770262664,9.77GB,655dea1b,92708a03,655dea1b
290,/rucio/data16_13TeV/DAOD_RPVLL.22358072._000138.pool.root.1,10344065595,10.34GB,8df2da1d,b428ff9f,8df2da1d
291,/rucio/data16_13TeV/DAOD_RPVLL.22357373._000003.pool.root.1,9680629834,9.681GB,76f74344,c3bbe7f7,76f74344
292,/rucio/data16_13TeV/DAOD_RPVLL.22357630._000002.pool.root.1,12123739421,12.12GB,5a7167eb,a1aa7682,5a7167eb
293,/rucio/data16_13TeV/DAOD_RPVLL.22357803._000176.pool.root.1,8472463706,8.472GB,ecff50b5,99e0f38d,ecff50b5
294,/rucio/data16_hip8TeV/AOD.18219773._001262.pool.root.1,7211030376,7.211GB,a8becd55,74bc4b7d,a8becd55
295,/rucio/data16_13TeV/DAOD_RPVLL.22357828._000135.pool.root.1,0,0B,63f921ea,82522078,
296,/rucio/data16_hip8TeV/AOD.18219773._002631.pool.root.1,10161646533,10.16GB,3a22a630,7bae7e3c,3a22a630
297,/rucio/data16_13TeV/DAOD_RPVLL.22357863._000141.pool.root.1,8493371324,8.493GB,1cc5384c,efcb88c9,1cc5384c
298,/rucio/data16_13TeV/DAOD_RPVLL.22358050._000062.pool.root.1,7115886266,7.116GB,bce5d455,2eeaa7a5,bce5d455
299,/rucio/data16_13TeV/DAOD_RPVLL.22357863._000047.pool.root.1,7213291925,7.213GB,8d235ea2,83a19d3e,8d235ea2
300,/rucio/data16_13TeV/DAOD_RPVLL.22358206._000073.pool.root.1,8069069933,8.069GB,00c9512e,5db5fba4,00c9512e
301,/rucio/data16_13TeV/DAOD_RPVLL.22358238._000130.pool.root.1,9850715302,9.851GB,6e8e85c0,01b7ab96,6e8e85c0
302,/rucio/data16_13TeV/DAOD_RPVLL.22358007._000051.pool.root.1,10252992451,10.25GB,04696517,0fa57df0,04696517
303,/rucio/data16_13TeV/DAOD_RPVLL.22357706._000097.pool.root.1,7503375988,7.503GB,20f38c2b,c5a5416b,20f38c2b
304,/rucio/data16_13TeV/DAOD_RPVLL.22357987._000171.pool.root.1,7039747977,7.04GB,c5cdfeb1,6f9d26d3,c5cdfeb1
305,/rucio/data16_13TeV/DAOD_RPVLL.22358093._000117.pool.root.1,8046304776,8.046GB,412cff77,81d51e8d,412cff77
306,/rucio/data16_13TeV/DAOD_RPVLL.22357516._000146.pool.root.1,8520580884,8.521GB,8fad3500,128d4522,8fad3500
307,/rucio/data16_hip8TeV/AOD.18219773._002160.pool.root.1,10655629182,10.66GB,1f364967,f212b0a0,1f364967
308,/rucio/data16_13TeV/DAOD_RPVLL.22358093._000073.pool.root.1,7588590473,7.589GB,0aab8d5b,d91c809e,0eda53af
309,/rucio/data16_13TeV/DAOD_RPVLL.22357404._000067.pool.root.1,8649527994,8.65GB,0aab8d5b,d91c809e,0aab8d5b
310,/rucio/data16_13TeV/DAOD_RPVLL.22358160._000111.pool.root.1,7346127890,7.346GB,6ece4647,864f4654,6ece4647
311,/rucio/data16_13TeV/DAOD_RPVLL.22357778._000018.pool.root.1,7461282185,7.461GB,4967e633,b1c011aa,4967e633
312,/rucio/data16_13TeV/DAOD_RPVLL.22357679._000179.pool.root.1,8671682741,8.672GB,8e084b73,f7ec11a0,8e084b73
313,/rucio/data16_13TeV/DAOD_RPVLL.22358007._000014.pool.root.1,7791876966,7.792GB,68a6dc03,9c290768,68a6dc03
314,/rucio/data16_13TeV/DAOD_RPVLL.22357669._000064.pool.root.1,8985656288,8.986GB,0fab4b43,8c0cf2a4,0fab4b43
315,/rucio/data16_13TeV/DAOD_RPVLL.22357658._000070.pool.root.1,9036011109,9.036GB,b2847014,b0ee7b92,b2847014
316,/rucio/data16_13TeV/DAOD_RPVLL.22357619._000128.pool.root.1,9377770725,9.378GB,f5011ac2,5a30eac4,f5011ac2
317,/rucio/data16_hip8TeV/AOD.18219773._001116.pool.root.1,10592589050,10.59GB,ec3f1d3d,c2c23b58,ec3f1d3d
318,/rucio/data16_13TeV/DAOD_RPVLL.22358248._000055.pool.root.1,8627743075,8.628GB,fad2e755,94b3b1d6,fad2e755
319,/rucio/data16_13TeV/DAOD_RPVLL.22357521._000028.pool.root.1,9654917518,9.655GB,37d89ef3,041dfbfd,37d89ef3
320,/rucio/data16_hip8TeV/AOD.18219773._001133.pool.root.1,10508627433,10.51GB,cabdbdd8,a748b9fe,cabdbdd8
321,/rucio/data16_13TeV/DAOD_RPVLL.22357630._000119.pool.root.1,8897891159,8.898GB,d400577a,c41afa2b,d400577a
322,/rucio/data16_13TeV/DAOD_RPVLL.22357490._000137.pool.root.1,10166462494,10.17GB,e25a6651,3fe92e06,e25a6651
323,/rucio/data16_13TeV/DAOD_RPVLL.22357998._000065.pool.root.1,10261682957,10.26GB,a13392c2,4282db80,a13392c2
324,/rucio/data16_13TeV/DAOD_RPVLL.22357684._000057.pool.root.1,8937724037,8.938GB,3bf1ded7,95adb0b6,3bf1ded7
325,/rucio/data16_13TeV/DAOD_RPVLL.22357641._000084.pool.root.1,7204093524,7.204GB,ef37fe5c,30ce9096,ef37fe5c
326,/rucio/data16_13TeV/DAOD_RPVLL.22357753._000168.pool.root.1,9040789832,9.041GB,08c08f95,505c359d,08c08f95
327,/rucio/data16_13TeV/DAOD_RPVLL.22357863._000178.pool.root.1,8474369055,8.474GB,74af08ae,1663d63f,74af08ae
328,/rucio/data16_13TeV/DAOD_RPVLL.22357619._000180.pool.root.1,8492952438,8.493GB,f74b02ea,c301f09e,f74b02ea
329,/rucio/data16_13TeV/DAOD_RPVLL.22358019._000234.pool.root.1,8995029919,8.995GB,fc391d05,b07f460d,fc391d05
330,/rucio/data16_13TeV/DAOD_RPVLL.22357537._000259.pool.root.1,6543070607,6.543GB,0228a798,6971c5a2,0228a798
331,/rucio/data16_13TeV/DAOD_RPVLL.22358286._000214.pool.root.1,8942032410,8.942GB,0ec817f2,7f762ee4,0ec817f2
332,/rucio/data16_13TeV/DAOD_RPVLL.22357658._000020.pool.root.1,10258426719,10.26GB,36715e9f,b6eae182,36715e9f
333,/rucio/data16_13TeV/DAOD_RPVLL.22357490._000136.pool.root.1,10343303039,10.34GB,ec0d2c55,0f132bc8,ec0d2c55
334,/rucio/data16_13TeV/DAOD_RPVLL.22358238._000135.pool.root.1,9171419296,9.171GB,d9398451,0a0ea43b,d9398451
335,/rucio/data16_13TeV/DAOD_RPVLL.22358320._000374.pool.root.1,9499905343,9.5GB,4800cc1a,d6124cee,4800cc1a
336,/rucio/data16_13TeV/DAOD_RPVLL.22358360._000284.pool.root.1,9919564298,9.92GB,9e8074c6,98b2341b,9e8074c6
337,/rucio/data16_13TeV/DAOD_RPVLL.22358007._000058.pool.root.1,9706801235,9.707GB,2a8eff00,d5469099,2a8eff00
338,/rucio/data16_13TeV/DAOD_RPVLL.22358248._000083.pool.root.1,8513192679,8.513GB,69a44aa8,b5bc3f90,69a44aa8
339,/rucio/data16_13TeV/DAOD_RPVLL.22357899._000070.pool.root.1,7633574530,7.634GB,418d53ee,62858fad,418d53ee
340,/rucio/data16_13TeV/DAOD_RPVLL.22357954._000041.pool.root.1,7536912570,7.537GB,9f5b8cde,3dd73a3d,9f5b8cde
341,/rucio/data16_13TeV/DAOD_RPVLL.22357943._000108.pool.root.1,7088052336,7.088GB,e76d57c8,e159756c,e76d57c8
342,/rucio/data16_13TeV/DAOD_RPVLL.22357888._000043.pool.root.1,6961626350,6.962GB,36e99f73,1ef394ac,36e99f73
343,/rucio/data16_13TeV/DAOD_RPVLL.21711783._000015.pool.root.1,8491024658,8.491GB,02775bbc,d0bf6eaf,02775bbc
344,/rucio/data16_13TeV/DAOD_RPVLL.22357954._000294.pool.root.1,4602818434,4.603GB,cee846c7,414ec4e0,cee846c7
345,/rucio/data16_13TeV/DAOD_RPVLL.22357733._000002.pool.root.1,10899438777,10.9GB,9efb92dd,234fd82f,9efb92dd
346,/rucio/data16_13TeV/DAOD_RPVLL.22357553._000083.pool.root.1,7016177711,7.016GB,59c97217,a06ff993,59c97217
347,/rucio/data16_13TeV/DAOD_RPVLL.22357733._000278.pool.root.1,9038769730,9.039GB,4b7b4f17,5cd208f4,4b7b4f17
348,/rucio/data16_13TeV/DAOD_RPVLL.22357700._000184.pool.root.1,8442325068,8.442GB,95ab1ee1,ee3aafde,95ab1ee1
349,/rucio/data16_13TeV/DAOD_RPVLL.22357669._000354.pool.root.1,8618607506,8.619GB,2c339f2a,cca473ed,2c339f2a
350,/rucio/data16_13TeV/DAOD_RPVLL.22357327._000002.pool.root.1,9277987774,9.278GB,22e58bd0,220b22d8,22e58bd0
351,/rucio/data16_13TeV/DAOD_RPVLL.22357684._000228.pool.root.1,7856411934,7.856GB,e9b0b257,236afc00,e9b0b257
352,/rucio/data16_13TeV/DAOD_RPVLL.22357975._000030.pool.root.1,7308733969,7.309GB,0d0c3786,19dcc7e0,0d0c3786
353,/rucio/data16_13TeV/DAOD_RPVLL.22357630._000162.pool.root.1,9604219151,9.604GB,964df378,1c962e93,964df378
354,/rucio/data16_13TeV/DAOD_RPVLL.22358348._000002.pool.root.1,11108712687,11.11GB,9271374c,dbccf8b3,9271374c
355,/rucio/data16_13TeV/DAOD_RPVLL.22358296._000107.pool.root.1,7372127834,7.372GB,d35be679,40fb5e31,d35be679
356,/rucio/data16_13TeV/DAOD_RPVLL.22358007._000067.pool.root.1,10325844472,10.33GB,076a746f,a599d0c5,076a746f
357,/rucio/data16_13TeV/DAOD_RPVLL.22357505._000027.pool.root.1,9521319381,9.521GB,2565b9be,31e2dd77,2565b9be
358,/rucio/data16_13TeV/DAOD_RPVLL.22358360._000267.pool.root.1,9692566767,9.693GB,7b255560,d1475d16,7b255560
359,/rucio/data16_13TeV/DAOD_RPVLL.22358238._000161.pool.root.1,8368523353,8.369GB,938fd247,50537280,938fd247
360,/rucio/data16_13TeV/DAOD_RPVLL.22357784._000114.pool.root.1,9368567780,9.369GB,38a221f7,b6b105b6,38a221f7
361,/rucio/data16_13TeV/DAOD_RPVLL.22357485._000012.pool.root.1,10286685126,10.29GB,fdd05478,362afc2c,fdd05478
362,/rucio/data16_13TeV/DAOD_RPVLL.22357778._000008.pool.root.1,11021748101,11.02GB,1169f1b4,5542dfe0,1169f1b4
363,/rucio/data16_13TeV/DAOD_RPVLL.22358019._000274.pool.root.1,7988241471,7.988GB,7a712dcc,521db3eb,7a712dcc
364,/rucio/data16_13TeV/DAOD_RPVLL.22358050._000308.pool.root.1,8571370960,8.571GB,bc4475b3,a7123595,bc4475b3
365,/rucio/data16_13TeV/DAOD_RPVLL.22357847._000048.pool.root.1,10117873937,10.12GB,56176177,ab790dd2,56176177
366,/rucio/data16_13TeV/DAOD_RPVLL.22357842._000058.pool.root.1,9803123162,9.803GB,fe6b6e35,4b718004,fe6b6e35
367,/rucio/mc16_13TeV/AOD.14795494._007439.pool.root.1,6841863462,6.842GB,1e6694ee,67b270c9,1e6694ee
368,/rucio/data16_13TeV/DAOD_RPVLL.22357975._000163.pool.root.1,9011954304,9.012GB,356356fb,7e2f82af,356356fb
369,/rucio/data16_13TeV/DAOD_RPVLL.22357915._000015.pool.root.1,7249193733,7.249GB,1e9e9eba,c485c0b9,1e9e9eba
370,/rucio/data16_13TeV/DAOD_RPVLL.22358360._000252.pool.root.1,9074828718,9.075GB,56940beb,fea3c996,56940beb
371,/rucio/data16_13TeV/DAOD_RPVLL.22357490._000161.pool.root.1,9543160378,9.543GB,6c850fe8,5183f581,6c850fe8
372,/rucio/data16_13TeV/DAOD_RPVLL.22358007._000093.pool.root.1,9035545084,9.036GB,48a99b21,05a28b58,48a99b21
373,/rucio/data16_13TeV/DAOD_RPVLL.22357495._000032.pool.root.1,9408735425,9.409GB,d0ab6478,f1ab2fc9,d0ab6478
374,/rucio/data16_13TeV/DAOD_RPVLL.22357932._000121.pool.root.1,7755345081,7.755GB,d116a753,326a11ae,d116a753
375,/rucio/data16_13TeV/DAOD_RPVLL.22357975._000059.pool.root.1,7198766245,7.199GB,4a621f28,0f12c867,4a621f28
376,/rucio/data16_13TeV/DAOD_RPVLL.22358093._000316.pool.root.1,9406452374,9.406GB,b9ba2625,95e11359,b9ba2625
377,/rucio/data16_13TeV/DAOD_RPVLL.22357490._000153.pool.root.1,9637239395,9.637GB,d224e2d8,079b54c7,d224e2d8
378,/rucio/data16_13TeV/DAOD_RPVLL.22357527._000065.pool.root.1,9069844972,9.07GB,1146eccb,e4cb0d90,1146eccb
379,/rucio/data16_13TeV/DAOD_RPVLL.22358007._000076.pool.root.1,9911847638,9.912GB,92c88449,836dda2b,92c88449
380,/rucio/data16_13TeV/DAOD_RPVLL.22357521._000140.pool.root.1,9119855649,9.12GB,14da3938,8feaadb0,14da3938
381,/rucio/data16_13TeV/DAOD_RPVLL.22358050._000002.pool.root.1,10151726610,10.15GB,474d0885,c2063fe7,474d0885
382,/rucio/data16_13TeV/DAOD_RPVLL.22358160._000104.pool.root.1,7734221821,7.734GB,e6b35889,83837ffc,e6b35889
383,/rucio/data16_13TeV/DAOD_RPVLL.22357700._000180.pool.root.1,8484012281,8.484GB,8e8b521f,8d880e3d,8e8b521f
384,/rucio/data16_13TeV/DAOD_RPVLL.22357533._000019.pool.root.1,9925729694,9.926GB,3724c062,d2fe3fcb,3724c062
385,/rucio/data16_13TeV/DAOD_RPVLL.22358176._000412.pool.root.1,8872604912,8.873GB,5dc162c9,b5ffe850,5dc162c9
386,/rucio/data16_13TeV/DAOD_RPVLL.22358206._000016.pool.root.1,8587307581,8.587GB,27a032e2,ce37176f,27a032e2
387,/rucio/data16_13TeV/DAOD_RPVLL.22357975._000114.pool.root.1,9969138739,9.969GB,56c9593d,09ebb3a9,56c9593d
388,/rucio/data16_13TeV/DAOD_RPVLL.22358007._000059.pool.root.1,9388231980,9.388GB,3c65adef,bec3c8e7,3c65adef
389,/rucio/data16_13TeV/DAOD_RPVLL.22357798._000178.pool.root.1,9942795262,9.943GB,ef26a5e1,71b73b69,ef26a5e1
390,/rucio/data16_13TeV/DAOD_RPVLL.22358238._000021.pool.root.1,7689321785,7.689GB,b7e17826,3c77dbd7,b7e17826
391,/rucio/data16_13TeV/DAOD_RPVLL.22357619._000206.pool.root.1,8237718112,8.238GB,8835b56f,7844f0e7,8835b56f
392,/rucio/data16_13TeV/DAOD_RPVLL.22358309._000107.pool.root.1,7583417337,7.583GB,37090b65,b751316a,37090b65
393,/rucio/data16_13TeV/DAOD_RPVLL.22357684._000009.pool.root.1,10076000726,10.08GB,cdaf3389,236a5c10,cdaf3389
394,/rucio/data16_13TeV/DAOD_RPVLL.22358007._000066.pool.root.1,7051912695,7.052GB,93c899b3,b26ad69b,93c899b3
395,/rucio/data16_13TeV/DAOD_RPVLL.22358320._000289.pool.root.1,9869142372,9.869GB,0c5dcbb0,b9e5a821,0c5dcbb0
396,/rucio/data16_13TeV/DAOD_RPVLL.22357888._000070.pool.root.1,7073043555,7.073GB,fedc52da,7bc4ea44,fedc52da
397,/rucio/data16_13TeV/DAOD_RPVLL.22358019._000086.pool.root.1,9444814978,9.445GB,5f37d15a,9e7a0869,5f37d15a
398,/rucio/data16_13TeV/DAOD_RPVLL.22357954._000111.pool.root.1,10150219005,10.15GB,88c86f44,bfeda9b1,88c86f44
399,/rucio/data16_13TeV/DAOD_RPVLL.22427546._000052.pool.root.1,10425669048,10.43GB,455a65b3,0c768939,455a65b3
400,/rucio/data16_13TeV/DAOD_RPVLL.22357537._000036.pool.root.1,9669294215,9.669GB,f22143e3,a5229b77,f22143e3
401,/rucio/mc16_13TeV/AOD.14795494._005421.pool.root.1,6826618211,6.827GB,f67e8055,76271007,f67e8055
402,/rucio/mc16_13TeV/AOD.14795494._005417.pool.root.1,6777615201,6.778GB,dc9aa8eb,d64ba2be,dc9aa8eb
403,/rucio/data16_13TeV/DAOD_RPVLL.22357412._000105.pool.root.1,10417979015,10.42GB,a8cfa4d5,fc132963,a8cfa4d5
404,/rucio/data16_13TeV/DAOD_RPVLL.22358007._000052.pool.root.1,10361405198,10.36GB,59d3b0ad,38b1e87d,59d3b0ad
405,/rucio/data16_13TeV/DAOD_RPVLL.22357706._000344.pool.root.1,9221964224,9.222GB,83a9691f,65871263,83a9691f
406,/rucio/data16_hip8TeV/AOD.18219773._000840.pool.root.1,7562824282,7.563GB,316fead3,f701ebb6,316fead3
407,/rucio/data16_13TeV/DAOD_RPVLL.22357863._000092.pool.root.1,10144600330,10.14GB,63387ac4,751206ae,63387ac4
408,/rucio/data16_13TeV/DAOD_RPVLL.22357744._000079.pool.root.1,10058532402,10.06GB,7f3597b0,09abca93,7f3597b0
409,/rucio/data16_13TeV/DAOD_RPVLL.22357932._000072.pool.root.1,6857619376,6.858GB,ad33c92b,5ca75813,ad33c92b
410,/rucio/data16_13TeV/DAOD_RPVLL.22357910._000136.pool.root.1,9919994281,9.92GB,375a816e,2f564e70,375a816e
411,/rucio/data16_13TeV/DAOD_RPVLL.22357733._000297.pool.root.1,6232229787,6.232GB,d157da9f,c0729ea3,d157da9f
412,/rucio/data16_13TeV/DAOD_RPVLL.22357987._000072.pool.root.1,7911074060,7.911GB,0ee634a8,4158c919,0ee634a8
413,/rucio/data16_13TeV/DAOD_RPVLL.22357641._000100.pool.root.1,9538346448,9.538GB,863f7047,fe3c6d24,863f7047
414,/rucio/data16_13TeV/DAOD_RPVLL.22357679._000214.pool.root.1,8525007995,8.525GB,1f38beab,3223b779,1f38beab
415,/rucio/data16_13TeV/DAOD_RPVLL.22357553._000086.pool.root.1,10207247920,10.21GB,73b11275,09e0ca68,73b11275
416,/rucio/data16_13TeV/DAOD_RPVLL.22358248._000085.pool.root.1,9733710542,9.734GB,9972cb9b,cc0cb34d,9972cb9b
417,/rucio/data16_13TeV/DAOD_RPVLL.22357964._000025.pool.root.1,7361226447,7.361GB,9577ab9b,67c612bf,9577ab9b
418,/rucio/data16_13TeV/DAOD_RPVLL.22357553._000216.pool.root.1,8236899548,8.237GB,56a21c1e,8ef7d9fd,56a21c1e
419,/rucio/data16_13TeV/DAOD_RPVLL.22358007._000027.pool.root.1,7527740481,7.528GB,be8b3a46,6e228cc1,be8b3a46
420,/rucio/data16_13TeV/DAOD_RPVLL.22358190._000216.pool.root.1,9826738470,9.827GB,f57733af,a8a8aaa3,f57733af
421,/rucio/data16_13TeV/DAOD_RPVLL.22358093._000341.pool.root.1,7755290334,7.755GB,25119882,6186b6c1,25119882
422,/rucio/data16_hip8TeV/AOD.18219773._001470.pool.root.1,8513112561,8.513GB,274c666d,d79c28ed,274c666d
423,/rucio/data16_13TeV/DAOD_RPVLL.22357893._000009.pool.root.1,10790583218,10.79GB,9b96ad2a,85d72c1d,9b96ad2a
424,/rucio/data16_13TeV/DAOD_RPVLL.22357798._000091.pool.root.1,9749467219,9.749GB,9c963793,e25d9d71,9c963793
425,/rucio/data16_13TeV/DAOD_RPVLL.22358019._000253.pool.root.1,10377728369,10.38GB,bbd1a14f,1ea82231,bbd1a14f
426,/rucio/mc16_13TeV/AOD.14795494._006395.pool.root.1,6800596387,6.801GB,8ff907ce,ed3cb0c2,8ff907ce
427,/rucio/mc16_13TeV/AOD.14795494._006419.pool.root.1,6801442609,6.801GB,0a3f7e8e,6bf28a6c,0a3f7e8e
428,/rucio/data16_13TeV/DAOD_RPVLL.22357553._000013.pool.root.1,7650873365,7.651GB,32e0ed91,32220cea,32e0ed91
429,/rucio/mc16_13TeV/AOD.14795494._005234.pool.root.1,6828065596,6.828GB,5675719d,45556a7f,5675719d
430,/rucio/data16_13TeV/DAOD_RPVLL.22357893._000001.pool.root.1,9939390163,9.939GB,9724fbd6,34e2a9fd,9724fbd6
431,/rucio/data16_13TeV/DAOD_RPVLL.22357798._000079.pool.root.1,10390745448,10.39GB,cdbc0aa7,b1e35d2a,cdbc0aa7
432,/rucio/data16_13TeV/DAOD_RPVLL.22357619._000314.pool.root.1,9174056759,9.174GB,b157e528,aa663eb3,b157e528
433,/rucio/data16_13TeV/DAOD_RPVLL.22357516._000070.pool.root.1,9315465298,9.315GB,c06e4bb3,6b03b3d7,c06e4bb3
434,/rucio/data16_13TeV/DAOD_RPVLL.22357943._000227.pool.root.1,8328380601,8.328GB,e46f1238,f27c6729,e46f1238
435,/rucio/data16_13TeV/DAOD_RPVLL.22357738._000076.pool.root.1,7627239773,7.627GB,f24fddea,0d4f120f,f24fddea
436,/rucio/data16_13TeV/DAOD_RPVLL.22358160._000259.pool.root.1,7848436052,7.848GB,d5d5647e,208551ce,d5d5647e
437,/rucio/data16_13TeV/DAOD_RPVLL.22357847._000082.pool.root.1,9712016650,9.712GB,752d66f6,d39e415f,752d66f6
438,/rucio/data16_13TeV/DAOD_RPVLL.22357619._000285.pool.root.1,9981671684,9.982GB,1c6ddde1,548df789,1c6ddde1
439,/rucio/mc16_13TeV/AOD.14795494._004069.pool.root.1,6786626818,6.787GB,acc4741e,e4bdb13b,acc4741e
440,/rucio/data16_13TeV/DAOD_RPVLL.22357748._000052.pool.root.1,6974423915,6.974GB,917c0abe,0ad91b2f,917c0abe
441,/rucio/data16_13TeV/DAOD_RPVLL.22357964._000155.pool.root.1,10032523620,10.03GB,fe6dfd7f,87ebb8c1,fe6dfd7f
442,/rucio/data16_13TeV/DAOD_RPVLL.22357652._000087.pool.root.1,8429041657,8.429GB,9e540441,b8edfe7f,9e540441
443,/rucio/data16_13TeV/DAOD_RPVLL.22357954._000112.pool.root.1,9918004795,9.918GB,aae17e4c,9f1707ca,aae17e4c
444,/rucio/data16_13TeV/DAOD_RPVLL.22358072._000184.pool.root.1,8441307075,8.441GB,5141f8ad,cd1c4a7d,5141f8ad
445,/rucio/data16_13TeV/DAOD_RPVLL.22357630._000127.pool.root.1,9810018852,9.81GB,d0e08f07,c44522c8,d0e08f07
446,/rucio/data16_hip8TeV/AOD.18219773._002035.pool.root.1,7733542990,7.734GB,339b0198,88e7c8da,339b0198
447,/rucio/data16_13TeV/DAOD_RPVLL.22357490._000109.pool.root.1,8147708884,8.148GB,9134d35f,9810d62a,9134d35f
448,/rucio/data16_13TeV/DAOD_RPVLL.22358320._000412.pool.root.1,7815238674,7.815GB,d5b665d4,1d312944,d5b665d4
449,/rucio/data16_13TeV/DAOD_RPVLL.22358228._000201.pool.root.1,7068949295,7.069GB,bf4be0fe,9a1cceaf,bf4be0fe
450,/rucio/data16_13TeV/DAOD_RPVLL.22357823._000154.pool.root.1,8847759930,8.848GB,126d7bb7,ca768a3c,126d7bb7
451,/rucio/data16_13TeV/DAOD_RPVLL.22357954._000219.pool.root.1,7931272546,7.931GB,a10cfbc9,b06e4a22,a10cfbc9
452,/rucio/data16_13TeV/DAOD_RPVLL.22358320._000241.pool.root.1,7674177052,7.674GB,2a8812c3,b0deffd3,2a8812c3
453,/rucio/mc16_13TeV/AOD.14795494._004026.pool.root.1,6803378189,6.803GB,ab0c3f4d,5f1cad0d,ab0c3f4d
454,/rucio/data16_13TeV/DAOD_RPVLL.22357537._000190.pool.root.1,9869054629,9.869GB,bdd551a4,e1eb89b4,bdd551a4
455,/rucio/data16_13TeV/DAOD_RPVLL.22358309._000225.pool.root.1,8920417462,8.92GB,8c3b376c,d1f7afdb,8c3b376c
456,/rucio/mc16_13TeV/AOD.14795494._006396.pool.root.1,6824004153,6.824GB,cef8ed5b,55fdfe11,cef8ed5b
457,/rucio/data16_13TeV/DAOD_RPVLL.22357975._000132.pool.root.1,9495747719,9.496GB,6c13b396,d1085d2c,6c13b396
458,/rucio/data16_13TeV/DAOD_RPVLL.22357521._000134.pool.root.1,8746881623,8.747GB,74d72086,232163af,74d72086
459,/rucio/data16_13TeV/DAOD_RPVLL.22357695._000134.pool.root.1,8951779970,8.952GB,19249612,7526c3e9,19249612
460,/rucio/data16_13TeV/DAOD_RPVLL.22357490._000028.pool.root.1,9362345373,9.362GB,b0d7ca52,07ce9f3e,b0d7ca52
461,/rucio/data16_hip8TeV/AOD.18219773._001234.pool.root.1,9931435813,9.931GB,46b4f183,0a2bf9ab,46b4f183
462,/rucio/data16_13TeV/DAOD_RPVLL.22357910._000167.pool.root.1,8904641559,8.905GB,d08ec6c5,459017eb,d08ec6c5
463,/rucio/mc16_13TeV/AOD.14795494._002887.pool.root.1,6828149970,6.828GB,8c87ecdc,32122ef9,8c87ecdc
464,/rucio/data16_13TeV/DAOD_RPVLL.22357910._000081.pool.root.1,10370577077,10.37GB,ed4f800f,5682e7e3,ed4f800f
465,/rucio/data16_13TeV/DAOD_RPVLL.22357641._000211.pool.root.1,9621414909,9.621GB,9f72d8ea,92a7e228,9f72d8ea
466,/rucio/data16_13TeV/DAOD_RPVLL.22357847._000037.pool.root.1,10250309608,10.25GB,71a85032,a6bcb04e,71a85032
467,/rucio/data16_13TeV/DAOD_RPVLL.22358206._000285.pool.root.1,8354841226,8.355GB,9228edb0,b910f451,9228edb0
468,/rucio/data16_13TeV/DAOD_RPVLL.22358007._000069.pool.root.1,10033493348,10.03GB,151e760f,82590e65,151e760f
469,/rucio/data16_13TeV/DAOD_RPVLL.22357495._000159.pool.root.1,9034966197,9.035GB,a561043e,30612601,a561043e
470,/rucio/data16_13TeV/DAOD_RPVLL.22358019._000209.pool.root.1,9655072300,9.655GB,1b988d98,a3f23c28,1b988d98
471,/rucio/data16_13TeV/DAOD_RPVLL.22357658._000026.pool.root.1,9826535157,9.827GB,52c01cc6,1cf6f108,52c01cc6
472,/rucio/data16_13TeV/DAOD_RPVLL.22358132._000171.pool.root.1,9501208912,9.501GB,3022e20e,5debb27b,3022e20e
473,/rucio/data16_hip8TeV/AOD.18219773._002285.pool.root.1,7342200089,7.342GB,ad5f8f77,dde685a6,ad5f8f77
474,/rucio/data16_13TeV/DAOD_RPVLL.22357899._000036.pool.root.1,10427424435,10.43GB,76127698,db18093d,76127698
475,/rucio/data16_13TeV/DAOD_RPVLL.22358261._000159.pool.root.1,8631846632,8.632GB,396e0a6a,547b38f6,396e0a6a
476,/rucio/data16_13TeV/DAOD_RPVLL.22357954._000168.pool.root.1,9035228945,9.035GB,3548de5e,90e2886e,3548de5e
477,/rucio/data16_13TeV/DAOD_RPVLL.22357630._000024.pool.root.1,9505408136,9.505GB,a61dec39,478303f5,a61dec39
478,/rucio/data16_13TeV/DAOD_RPVLL.22357987._000141.pool.root.1,9375888035,9.376GB,37510c4b,3985e5d5,37510c4b
479,/rucio/data16_13TeV/DAOD_RPVLL.22358050._000174.pool.root.1,8236367781,8.236GB,3341434f,25e23f5f,3341434f
480,/rucio/data16_13TeV/DAOD_RPVLL.22357619._000306.pool.root.1,8512215588,8.512GB,f3148255,0be09282,f3148255
481,/rucio/data16_13TeV/DAOD_RPVLL.22357679._000160.pool.root.1,10312020531,10.31GB,d901c1d3,d0793dd8,d901c1d3
482,/rucio/mc16_13TeV/AOD.14795494._004050.pool.root.1,6814995151,6.815GB,064dc90e,62f57143,064dc90e
483,/rucio/data16_13TeV/DAOD_RPVLL.22357619._000007.pool.root.1,10216222567,10.22GB,c3df467f,88b422b7,c3df467f
484,/rucio/mc16_13TeV/AOD.14795494._006556.pool.root.1,6802669897,6.803GB,04d56606,3237e3f2,04d56606
485,/rucio/data16_13TeV/DAOD_RPVLL.22358019._000098.pool.root.1,9190490573,9.19GB,166b1748,3f1db7cb,166b1748
486,/rucio/data16_13TeV/DAOD_RPVLL.22357669._000016.pool.root.1,10372507511,10.37GB,ab842a8a,cb95be5f,ab842a8a
487,/rucio/data16_13TeV/DAOD_RPVLL.22357910._000122.pool.root.1,10157802510,10.16GB,667070b7,7933a2aa,667070b7
488,/rucio/mc16_13TeV/AOD.14795494._006473.pool.root.1,6798725052,6.799GB,a2865cdd,1f3644a6,a2865cdd
489,/rucio/data16_13TeV/DAOD_RPVLL.22357700._000287.pool.root.1,10277043589,10.28GB,fe60f94a,a5a53cce,fe60f94a
490,/rucio/data16_13TeV/DAOD_RPVLL.22357521._000060.pool.root.1,9259694262,9.26GB,6bd475ac,18ea6472,6bd475ac
491,/rucio/data16_13TeV/DAOD_RPVLL.22357987._000320.pool.root.1,3327975303,3.328GB,9eb73e3d,70b2f180,9eb73e3d
492,/rucio/data16_13TeV/DAOD_RPVLL.22357478._000003.pool.root.1,10280497136,10.28GB,7cee6c7a,e16632d1,7cee6c7a
493,/rucio/data16_13TeV/DAOD_RPVLL.22357808._000006.pool.root.1,10810010792,10.81GB,a9f151a8,0fec80ce,a9f151a8
494,/rucio/data16_13TeV/DAOD_RPVLL.22358238._000220.pool.root.1,9408716494,9.409GB,2f249011,837a42ac,2f249011
495,/rucio/mc16_13TeV/AOD.14795494._005438.pool.root.1,6816863494,6.817GB,9efd88ce,afa7b1b0,9efd88ce
496,/rucio/data16_13TeV/DAOD_RPVLL.22357768._000033.pool.root.1,10369341360,10.37GB,b4097443,40a9c7dc,b4097443
497,/rucio/data16_13TeV/DAOD_RPVLL.22357803._000110.pool.root.1,9041155373,9.041GB,7a286064,7e376533,7a286064
498,/rucio/data16_13TeV/DAOD_RPVLL.22357987._000302.pool.root.1,7429608946,7.43GB,186dc04f,f99d5296,186dc04f
499,/rucio/data16_13TeV/DAOD_RPVLL.22358261._000144.pool.root.1,9053423546,9.053GB,7557a45a,111a4277,7557a45a
500,/rucio/data16_13TeV/DAOD_RPVLL.22357700._000276.pool.root.1,8552126092,8.552GB,447683e6,76bc14be,447683e6
501,/rucio/data16_13TeV/DAOD_RPVLL.22357863._000219.pool.root.1,8665740551,8.666GB,b88b849d,1e0b1e42,b88b849d
502,/rucio/data16_13TeV/DAOD_RPVLL.22357915._000045.pool.root.1,9987323713,9.987GB,30785c2e,191fb8f3,30785c2e
503,/rucio/data16_13TeV/DAOD_RPVLL.22357964._000243.pool.root.1,9503789737,9.504GB,cc9cddd6,7382f921,cc9cddd6
504,/rucio/data16_13TeV/DAOD_RPVLL.22357893._000065.pool.root.1,6911604195,6.912GB,3b216a77,498d830d,3b216a77
505,/rucio/data16_13TeV/DAOD_RPVLL.22357823._000087.pool.root.1,8675886260,8.676GB,b36f3a30,5eb66806,b36f3a30
506,/rucio/mc16_13TeV/AOD.14795494._007244.pool.root.1,6789844731,6.79GB,9d6c7bf4,71c5c70f,9d6c7bf4
507,/rucio/data16_13TeV/DAOD_RPVLL.22357748._000019.pool.root.1,7718876714,7.719GB,119a7e2d,f3257af7,119a7e2d
508,/rucio/data16_hip8TeV/AOD.18205937._000409.pool.root.1,5463627348,5.464GB,7f71cd0b,5dbe6e7b,7f71cd0b
509,/rucio/data16_13TeV/DAOD_RPVLL.22357495._000017.pool.root.1,11220434544,11.22GB,a8cf9660,aff76e18,a8cf9660
510,/rucio/data16_13TeV/DAOD_RPVLL.22357803._000062.pool.root.1,10292064086,10.29GB,5aae93a1,9d5bb1ae,5aae93a1
511,/rucio/data16_13TeV/DAOD_RPVLL.22357932._000074.pool.root.1,7095267665,7.095GB,0819c62d,5b27a81f,0819c62d
512,/rucio/data16_13TeV/DAOD_RPVLL.22358160._000086.pool.root.1,7328130675,7.328GB,cc336806,7a39daf9,cc336806
513,/rucio/data16_13TeV/DAOD_RPVLL.22357733._000074.pool.root.1,7254548294,7.255GB,e9ddb789,8cf6391b,e9ddb789
514,/rucio/data16_13TeV/DAOD_RPVLL.22358309._000144.pool.root.1,8661420686,8.661GB,87a1791a,4daf0299,87a1791a
515,/rucio/data16_13TeV/DAOD_RPVLL.22357679._000037.pool.root.1,10134401169,10.13GB,1bb2ed44,e4808afe,1bb2ed44
516,/rucio/data16_13TeV/DAOD_RPVLL.22357431._000162.pool.root.1,9638608729,9.639GB,a7c342d2,5b8ea724,a7c342d2
517,/rucio/data16_13TeV/DAOD_RPVLL.22357975._000099.pool.root.1,10348934617,10.35GB,a52b569c,86e913d9,a52b569c
518,/rucio/data16_13TeV/DAOD_RPVLL.22357964._000065.pool.root.1,9101446773,9.101GB,2fc689d3,90e73e7a,2fc689d3
519,/rucio/data16_13TeV/DAOD_RPVLL.22357658._000115.pool.root.1,8134527940,8.135GB,597f6a83,7d04762e,597f6a83
520,/rucio/data16_13TeV/DAOD_RPVLL.22357753._000081.pool.root.1,7527439750,7.527GB,52ecfdae,2a2a2eaa,52ecfdae
521,/rucio/data16_13TeV/DAOD_RPVLL.22358309._000267.pool.root.1,7325750498,7.326GB,5109c908,62239f32,5109c908
522,/rucio/data16_13TeV/DAOD_RPVLL.22357964._000194.pool.root.1,9275686592,9.276GB,860f37bc,e71f9a04,860f37bc
523,/rucio/data16_13TeV/DAOD_RPVLL.22358050._000255.pool.root.1,10430860678,10.43GB,d1ba99cc,9678be19,d1ba99cc
524,/rucio/data16_13TeV/DAOD_RPVLL.22358238._000080.pool.root.1,9983434056,9.983GB,d77185c0,c4384f8f,d77185c0
525,/rucio/data16_13TeV/DAOD_RPVLL.22358007._000048.pool.root.1,7303537766,7.304GB,7726d4fb,891f5b36,7726d4fb
526,/rucio/data16_13TeV/DAOD_RPVLL.22357954._000116.pool.root.1,10214994613,10.21GB,6744eb1e,40c30fb2,6744eb1e
527,/rucio/data16_13TeV/DAOD_RPVLL.22357527._000082.pool.root.1,9372978066,9.373GB,d01ff608,a974eae0,d01ff608
528,/rucio/data16_13TeV/DAOD_RPVLL.22357431._000103.pool.root.1,9444350533,9.444GB,5a90d15b,8b3a8d33,5a90d15b
529,/rucio/data16_13TeV/DAOD_RPVLL.22357543._000059.pool.root.1,9850438054,9.85GB,d77ee6cd,44e25d82,d77ee6cd
530,/rucio/data16_13TeV/DAOD_RPVLL.22357658._000074.pool.root.1,8997918814,8.998GB,5c614f10,bd318092,5c614f10
531,/rucio/data16_13TeV/DAOD_RPVLL.22357490._000017.pool.root.1,9581355646,9.581GB,58ae9cae,ebc6ed4a,58ae9cae
532,/rucio/data16_13TeV/DAOD_RPVLL.22358007._000104.pool.root.1,10053648874,10.05GB,353b95db,ddf9206c,353b95db
533,/rucio/data16_13TeV/DAOD_RPVLL.22357700._000217.pool.root.1,7909018033,7.909GB,7639c27c,21bc9f38,7639c27c
534,/rucio/data16_hip8TeV/AOD.18219773._000393.pool.root.1,7944266465,7.944GB,e4468ada,c98ab8a7,e4468ada
535,/rucio/data16_13TeV/DAOD_RPVLL.21711783._000132.pool.root.1,10417220950,10.42GB,b4ff5e69,f0cd34b5,b4ff5e69
536,/rucio/data16_13TeV/DAOD_RPVLL.22357954._000398.pool.root.1,3771010619,3.771GB,e52ffe0b,0ae0fbe8,e52ffe0b
537,/rucio/data16_13TeV/DAOD_RPVLL.22358320._000414.pool.root.1,7487022050,7.487GB,801a9768,9fb45a33,801a9768
538,/rucio/data16_hip8TeV/AOD.18219773._000435.pool.root.1,7902201857,7.902GB,d6c8f8b4,78821207,d6c8f8b4
539,/rucio/data16_13TeV/DAOD_RPVLL.22357954._000084.pool.root.1,6995178749,6.995GB,05e0af66,7f892955,05e0af66
540,/rucio/data16_hip8TeV/AOD.18219773._001767.pool.root.1,7787745736,7.788GB,a7371dca,34fc8323,a7371dca
541,/rucio/data16_13TeV/DAOD_RPVLL.22357758._000089.pool.root.1,9455728435,9.456GB,35850909,097c9bde,35850909
542,/rucio/data16_13TeV/DAOD_RPVLL.22358238._000092.pool.root.1,7675177197,7.675GB,b23b991c,72d1972c,b23b991c
543,/rucio/data16_13TeV/DAOD_RPVLL.22358296._000034.pool.root.1,8556657540,8.557GB,b4b67ef3,35274c4b,b4b67ef3
544,/rucio/data16_hip8TeV/AOD.18219773._002410.pool.root.1,7082240400,7.082GB,6a8b49bd,8440a109,6a8b49bd
545,/rucio/data16_hip8TeV/AOD.18219773._001756.pool.root.1,8008651369,8.009GB,fb9c756d,e35e85c2,fb9c756d
546,/rucio/data16_hip8TeV/AOD.18219773._000661.pool.root.1,8209713207,8.21GB,d58bb29e,ccccf931,d58bb29e
547,/rucio/data16_hip8TeV/AOD.18219773._001052.pool.root.1,7178158499,7.178GB,cb00e4b4,0ead9d4d,cb00e4b4
548,/rucio/data16_13TeV/DAOD_RPVLL.22358238._000139.pool.root.1,9633264181,9.633GB,3a1ce57d,78c9c773,3a1ce57d
549,/rucio/data16_hip8TeV/AOD.18219773._002838.pool.root.1,10158712779,10.16GB,c5b207c1,883db197,c5b207c1
550,/rucio/data16_hip8TeV/AOD.18219773._002485.pool.root.1,3570389403,3.57GB,86089f52,b6fb339e,86089f52
551,/rucio/data16_13TeV/DAOD_RPVLL.22357318._000041.pool.root.1,9790010731,9.79GB,0d4e269a,3257b8f1,0d4e269a
552,/rucio/data16_hip8TeV/AOD.18219773._003172.pool.root.1,9632700703,9.633GB,9325a63d,14256a76,9325a63d
553,/rucio/data16_13TeV/DAOD_RPVLL.22357808._000183.pool.root.1,8141534902,8.142GB,e2964823,0fdfbb61,e2964823
554,/rucio/data16_hip8TeV/AOD.18205937._000887.pool.root.1,10272894763,10.27GB,220452a3,d4836c2c,220452a3
555,/rucio/data16_hip8TeV/AOD.18219773._002808.pool.root.1,10148177906,10.15GB,35be1a07,add52a76,35be1a07
556,/rucio/data16_hip8TeV/AOD.18219773._002534.pool.root.1,9838814780,9.839GB,70e605d0,4dbb7363,70e605d0
